state_fips,state_abbr,state_name,year,ng911_plan_adopted,ng911_rfp_released,pct_pop_served,pct_geo_served,n_esinet_psaps,n_operational_esinets,routing_location,gis_data,core_services,network,psap_call_handling,security,operations,optional_interfaces,event_year
01,AL,Alabama,2013,No,Yes,100.0,100.0,,,,,,,,,,,2013
01,AL,Alabama,2014,,,,,100,1,,,,,,,,,2013
01,AL,Alabama,2015,,,,,100,1,,,,,,,,,2013
01,AL,Alabama,2016,,,,,118,1,,,,,,,,,2013
01,AL,Alabama,2018,,,,,,,3,2,4,3,3,2,2,3,2013
01,AL,Alabama,2019,,,,,,,3,2,4,3,3,2,2,3,2013
01,AL,Alabama,2020,,,,,,,3,2,4,4,3,2,3,3,2013
02,AK,Alaska,2013,No,No,0.0,0.0,,,,,,,,,,,
02,AK,Alaska,2014,,,20.0,8.0,,,,,,,,,,,
02,AK,Alaska,2015,,,,,,,,,,,,,,,
02,AK,Alaska,2016,,,,,,,,,,,,,,,
02,AK,Alaska,2018,,,,,,,1,1,1,1,1,1,1,1,
02,AK,Alaska,2019,,,,,,,1,1,1,1,1,1,1,1,
02,AK,Alaska,2020,,,,,,,2,2,1,1,1,1,1,1,2020
04,AZ,Arizona,2013,No,No,0.0,0.0,,,,,,,,,,,
04,AZ,Arizona,2014,,,,,,,,,,,,,,,
04,AZ,Arizona,2015,,,,,,,,,,,,,,,
04,AZ,Arizona,2016,,,10.0,10.0,6,2,,,,,,,,,2016
04,AZ,Arizona,2018,,,,,,,3,3,3,3,2,3,2,3,2016
04,AZ,Arizona,2019,,,,,,,3,3,3,3,2,3,2,3,2016
04,AZ,Arizona,2020,,,,,,,3,4,3,3,4,,3,3,2016
05,AR,Arkansas,2013,Unknown,Unknown,,,,,,,,,,,,,
05,AR,Arkansas,2014,,,,,,,,,,,,,,,
05,AR,Arkansas,2015,,,,,,,,,,,,,,,
05,AR,Arkansas,2016,,,,,,,,,,,,,,,
05,AR,Arkansas,2018,,,,,,,1,1,1,1,1,1,1,1,
05,AR,Arkansas,2019,,,,,,,1,1,1,1,1,1,1,1,
05,AR,Arkansas,2020,,,,,,,1,2,1,2,2,1,2,2,
06,CA,California,2013,No,No,2.16,21.49,,,,,,,,,,,
06,CA,California,2014,,,2.16,21.49,7,1,,,,,,,,,2014
06,CA,California,2015,,,3.0,21.0,8,1,,,,,,,,,2014
06,CA,California,2016,,,2.66,21.49,37,1,,,,,,,,,2014
06,CA,California,2018,,,,,,,2,3,2,2,2,2,1,2,2014
06,CA,California,2019,,,,,,,2,3,2,2,2,2,1,2,2014
06,CA,California,2020,,,,,,,1,2,2,2,2,2,3,3,2014
08,CO,Colorado,2013,No,No,0.0,0.0,,,,,,,,,,,
08,CO,Colorado,2014,,,,,,,,,,,,,,,
08,CO,Colorado,2015,,,,,,,,,,,,,,,
08,CO,Colorado,2016,,,,,,,,,,,,,,,
08,CO,Colorado,2018,,,,,,,1,1,2,2,3,2,1,1,
08,CO,Colorado,2019,,,,,,,1,1,2,2,3,2,1,1,
08,CO,Colorado,2020,,,,,,,1,1,4,2,3,2,2,,
09,CT,Connecticut,2013,Yes,Yes,0.0,0.0,,,,,,,,,,,2013
09,CT,Connecticut,2014,,,,,100,1,,,,,,,,,2013
09,CT,Connecticut,2015,,,,,100,1,,,,,,,,,2013
09,CT,Connecticut,2016,,,47.5,21.0,110,1,,,,,,,,,2013
09,CT,Connecticut,2018,,,,,,,4,5,4,3,5,3,5,4,2013
09,CT,Connecticut,2019,,,,,,,4,5,4,3,5,3,5,4,2013
09,CT,Connecticut,2020,,,,,,,4,4,5,5,5,5,5,3,2013
10,DE,Delaware,2013,,,,,,,,,,,,,,,
10,DE,Delaware,2014,,,,,,,,,,,,,,,
10,DE,Delaware,2015,,,,,,,,,,,,,,,
10,DE,Delaware,2016,,,,,,,,,,,,,,,
10,DE,Delaware,2018,,,,,,,5,5,,,5,4,5,5,2018
10,DE,Delaware,2019,,,,,,,5,5,,,5,4,5,5,2018
10,DE,Delaware,2020,,,,,,,,,,,,,,,2018
11,DC,District of Columbia,2013,No,No,0.0,0.0,,,,,,,,,,,
11,DC,District of Columbia,2014,,,,,,1,,,,,,,,,2014
11,DC,District of Columbia,2015,,,,,,,,,,,,,,,2014
11,DC,District of Columbia,2016,,,,,,,,,,,,,,,2014
11,DC,District of Columbia,2018,,,,,,,2,2,1,2,3,2,3,3,2014
11,DC,District of Columbia,2019,,,,,,,2,2,1,2,3,2,3,3,2014
11,DC,District of Columbia,2020,,,,,,,3,3,2,3,3,3,3,2,2014
12,FL,Florida,2013,Unknown,Unknown,,,,,,,,,,,,,
12,FL,Florida,2014,,,,,,,,,,,,,,,
12,FL,Florida,2015,,,,,,,,,,,,,,,
12,FL,Florida,2016,,,,,,,,,,,,,,,
12,FL,Florida,2018,,,,,,,2,2,2,2,2,1,1,,2018
12,FL,Florida,2019,,,,,,,2,2,2,2,2,1,1,,2018
12,FL,Florida,2020,,,,,,,3,3,2,3,3,2,2,3,2018
13,GA,Georgia,2013,,,,,,,,,,,,,,,
13,GA,Georgia,2014,,,,,,,,,,,,,,,
13,GA,Georgia,2015,,,,,,,,,,,,,,,
13,GA,Georgia,2016,,,,,,,,,,,,,,,
13,GA,Georgia,2018,,,,,,,,1,1,,1,1,1,1,
13,GA,Georgia,2019,,,,,,,,1,1,,1,1,1,1,
13,GA,Georgia,2020,,,,,,,1,1,1,1,1,1,1,1,
15,HI,Hawaii,2013,,,,,,,,,,,,,,,
15,HI,Hawaii,2014,,,,,,,,,,,,,,,
15,HI,Hawaii,2015,,,100.0,100.0,100,5,,,,,,,,,2015
15,HI,Hawaii,2016,,,,100.0,6,1,,,,,,,,,2015
15,HI,Hawaii,2018,,,,,,,3,4,4,3,4,4,3,3,2015
15,HI,Hawaii,2019,,,,,,,3,4,4,3,4,4,3,3,2015
15,HI,Hawaii,2020,,,,,,,3,3,3,3,3,3,2,0,2015
16,ID,Idaho,2013,Yes,No,0.0,0.0,,,,,,,,,,,
16,ID,Idaho,2014,,,,,,,,,,,,,,,
16,ID,Idaho,2015,,,,,,,,,,,,,,,
16,ID,Idaho,2016,,,,,,,,,,,,,,,
16,ID,Idaho,2018,,,,,,,2,2,2,2,2,2,2,2,2018
16,ID,Idaho,2019,,,,,,,2,2,2,2,2,2,2,2,2018
16,ID,Idaho,2020,,,,,,,2,2,1,2,3,2,2,1,2018
17,IL,Illinois,2013,No,No,0.0,0.0,,,,,,,,,,,
17,IL,Illinois,2014,,,1.53,4.76,4,1,,,,,,,,,2014
17,IL,Illinois,2015,,,,,7,1,,,,,,,,,2014
17,IL,Illinois,2016,,,2.6,3.6,19,2,,,,,,,,,2014
17,IL,Illinois,2018,,,,,,,3,2,3,3,3,2,2,2,2014
17,IL,Illinois,2019,,,,,,,3,2,3,3,3,2,2,2,2014
17,IL,Illinois,2020,,,,,,,3,3,2,2,2,2,2,1,2014
18,IN,Indiana,2013,Yes,Yes,,,,,,,,,,,,,2013
18,IN,Indiana,2014,,,33.0,,33,,,,,,,,,,2013
18,IN,Indiana,2015,,,100.0,100.0,100,1,,,,,,,,,2013
18,IN,Indiana,2016,,,100.0,100.0,91,1,,,,,,,,,2013
18,IN,Indiana,2018,,,,,,,3,2,4,3,3,3,3,4,2013
18,IN,Indiana,2019,,,,,,,3,2,4,3,3,3,3,4,2013
18,IN,Indiana,2020,,,,,,,4,2,4,4,3,4,4,4,2013
19,IA,Iowa,2013,Yes,No,100.0,100.0,,,,,,,,,,,
19,IA,Iowa,2014,,,100.0,100.0,100,2,,,,,,,,,2014
19,IA,Iowa,2015,,,99.0,99.0,100,2,,,,,,,,,2014
19,IA,Iowa,2016,,,100.0,100.0,113,2,,,,,,,,,2014
19,IA,Iowa,2018,,,,,,,3,4,4,4,4,4,4,4,2014
19,IA,Iowa,2019,,,,,,,3,4,4,4,4,4,4,4,2014
19,IA,Iowa,2020,,,,,,,3,3,3,4,4,2,4,4,2014
20,KS,Kansas,2013,No,Yes,0.0,0.0,,,,,,,,,,,2013
20,KS,Kansas,2014,,,,,,,,,,,,,,,2013
20,KS,Kansas,2015,,,9.0,10.0,9,2,,,,,,,,,2013
20,KS,Kansas,2016,,,40.0,45.0,47,2,,,,,,,,,2013
20,KS,Kansas,2018,,,,,,,3,5,3,3,3,4,4,3,2013
20,KS,Kansas,2019,,,,,,,3,5,3,3,3,4,4,3,2013
20,KS,Kansas,2020,,,,,,,4,5,4,3,3,4,5,3,2013
21,KY,Kentucky,2013,Yes,Yes,9.5,3.0,,,,,,,,,,,2013
21,KY,Kentucky,2014,,,26.0,15.0,19,2,,,,,,,,,2013
21,KY,Kentucky,2015,,,,,20,2,,,,,,,,,2013
21,KY,Kentucky,2016,,,,,20,2,,,,,,,,,2013
21,KY,Kentucky,2018,,,,,,,1,2,1,1,1,1,1,1,2013
21,KY,Kentucky,2019,,,,,,,1,2,1,1,1,1,1,1,2013
21,KY,Kentucky,2020,,,,,,,5,5,5,5,5,5,5,5,2013
22,LA,Louisiana,2013,,,,,,,,,,,,,,,
22,LA,Louisiana,2014,,,,,,,,,,,,,,,
22,LA,Louisiana,2015,,,,,,,,,,,,,,,
22,LA,Louisiana,2016,,,,,1,,,,,,,,,,
22,LA,Louisiana,2018,,,,,,,1,2,1,1,2,1,1,1,
22,LA,Louisiana,2019,,,,,,,1,2,1,1,2,1,1,1,
22,LA,Louisiana,2020,,,,,,,1,2,2,2,1,2,2,2,
23,ME,Maine,2013,Yes,Yes,0.0,0.0,,,,,,,,,,,2013
23,ME,Maine,2014,,,100.0,100.0,100,1,,,,,,,,,2013
23,ME,Maine,2015,,,100.0,100.0,100,1,,,,,,,,,2013
23,ME,Maine,2016,,,100.0,100.0,26,1,,,,,,,,,2013
23,ME,Maine,2018,,,,,,,4,5,5,4,5,5,5,5,2013
23,ME,Maine,2019,,,,,,,4,5,5,4,5,5,5,5,2013
23,ME,Maine,2020,,,,,,,4,5,5,4,5,5,5,4,2013
24,MD,Maryland,2013,No,Yes,0.0,0.0,,,,,,,,,,,2013
24,MD,Maryland,2014,,,,,,,,,,,,,,,2013
24,MD,Maryland,2015,,,,,,,,,,,,,,,2013
24,MD,Maryland,2016,,,,,,,,,,,,,,,2013
24,MD,Maryland,2018,,,,,,,2,3,2,2,1,3,3,1,2013
24,MD,Maryland,2019,,,,,,,2,3,2,2,1,3,3,1,2013
24,MD,Maryland,2020,,,,,,,3,4,3,4,3,4,3,3,2013
25,MA,Massachusetts,2013,,,,,,,,,,,,,,,
25,MA,Massachusetts,2014,,,,,,,,,,,,,,,
25,MA,Massachusetts,2015,,,,,,,,,,,,,,,
25,MA,Massachusetts,2016,,,15.0,15.0,40,1,,,,,,,,,2016
25,MA,Massachusetts,2018,,,,,,,5,5,5,5,5,5,5,5,2016
25,MA,Massachusetts,2019,,,,,,,5,5,5,5,5,5,5,5,2016
25,MA,Massachusetts,2020,,,,,,,5,5,5,5,5,5,5,5,2016
26,MI,Michigan,2013,No,No,0.0,0.0,,,,,,,,,,,
26,MI,Michigan,2014,,,3.0,18.0,5,1,,,,,,,,,2014
26,MI,Michigan,2015,,,3.0,18.0,5,1,,,,,,,,,2014
26,MI,Michigan,2016,,,28.3,37.0,61,25,,,,,,,,,2014
26,MI,Michigan,2018,,,,,,,3,3,4,5,3,5,,5,2014
26,MI,Michigan,2019,,,,,,,3,3,4,5,3,5,,5,2014
26,MI,Michigan,2020,,,,,,,3,3,4,5,3,5,5,5,2014
27,MN,Minnesota,2013,Yes,Yes,0.0,0.0,,,,,,,,,,,2013
27,MN,Minnesota,2014,,,,,100,1,,,,,,,,,2013
27,MN,Minnesota,2015,,,100.0,100.0,100,1,,,,,,,,,2013
27,MN,Minnesota,2016,,,,,104,1,,,,,,,,,2013
27,MN,Minnesota,2018,,,,,,,2,3,3,2,3,2,2,2,2013
27,MN,Minnesota,2019,,,,,,,2,3,3,2,3,2,2,2,2013
27,MN,Minnesota,2020,,,,,,,1,3,2,3,3,2,2,3,2013
28,MS,Mississippi,2013,,,,,,,,,,,,,,,
28,MS,Mississippi,2014,,,,,,,,,,,,,,,
28,MS,Mississippi,2015,,,,,,,,,,,,,,,
28,MS,Mississippi,2016,,,,,,,,,,,,,,,
28,MS,Mississippi,2018,,,,,,,,,,,,,,,
28,MS,Mississippi,2019,,,,,,,,,,,,,,,
28,MS,Mississippi,2020,,,,,,,,,,,,,,,
29,MO,Missouri,2013,,,,,,,,,,,,,,,
29,MO,Missouri,2014,,,,,,,,,,,,,,,
29,MO,Missouri,2015,,,,,,,,,,,,,,,
29,MO,Missouri,2016,,,,,,,,,,,,,,,
29,MO,Missouri,2018,,,,,,,,,,,,,,,
29,MO,Missouri,2019,,,,,,,,,,,,,,,
29,MO,Missouri,2020,,,,,,,1,2,1,1,1,1,2,1,
30,MT,Montana,2013,,,,,,,,,,,,,,,
30,MT,Montana,2014,,,,,,,,,,,,,,,
30,MT,Montana,2015,,,,,72,1,,,,,,,,,2015
30,MT,Montana,2016,,,,,,,,,,,,,,,2015
30,MT,Montana,2018,,,,,,,,,,,,,,,2015
30,MT,Montana,2019,,,,,,,,,,,,,,,2015
30,MT,Montana,2020,,,,,,,,,,,,,,,2015
31,NE,Nebraska,2013,No,No,0.0,0.0,,,,,,,,,,,
31,NE,Nebraska,2014,,,,,,,,,,,,,,,
31,NE,Nebraska,2015,,,,,,,,,,,,,,,
31,NE,Nebraska,2016,,,,,,,,,,,,,,,
31,NE,Nebraska,2018,,,,,,,2,2,2,2,2,2,2,2,2018
31,NE,Nebraska,2019,,,,,,,2,2,2,2,2,2,2,2,2018
31,NE,Nebraska,2020,,,,,,,2,2,2,2,2,1,3,3,2018
32,NV,Nevada,2013,,,,,,,,,,,,,,,
32,NV,Nevada,2014,,,,,,,,,,,,,,,
32,NV,Nevada,2015,,,,,,,,,,,,,,,
32,NV,Nevada,2016,,,,,,,,,,,,,,,
32,NV,Nevada,2018,,,,,,,,,,,,,,,
32,NV,Nevada,2019,,,,,,,,,,,,,,,
32,NV,Nevada,2020,,,,,,,,,,,,,,,
33,NH,New Hampshire,2013,,,,,,,,,,,,,,,
33,NH,New Hampshire,2014,,,,,,,,,,,,,,,
33,NH,New Hampshire,2015,,,100.0,100.0,100,1,,,,,,,,,2015
33,NH,New Hampshire,2016,,,,,,,,,,,,,,,2015
33,NH,New Hampshire,2018,,,,,,,4,5,5,4,4,4,4,4,2015
33,NH,New Hampshire,2019,,,,,,,4,5,5,4,4,4,4,4,2015
33,NH,New Hampshire,2020,,,,,,,3,5,3,3,3,2,2,2,2015
34,NJ,New Jersey,2013,,,,,,,,,,,,,,,
34,NJ,New Jersey,2014,,,,,,,,,,,,,,,
34,NJ,New Jersey,2015,,,,,,,,,,,,,,,
34,NJ,New Jersey,2016,,,,,,,,,,,,,,,
34,NJ,New Jersey,2018,,,,,,,2,2,2,2,3,2,2,3,2018
34,NJ,New Jersey,2019,,,,,,,2,2,2,2,3,2,2,3,2018
34,NJ,New Jersey,2020,,,,,,,1,2,1,1,2,2,1,2,2018
35,NM,New Mexico,2013,No,No,0.0,0.0,,,,,,,,,,,
35,NM,New Mexico,2014,,,,,,,,,,,,,,,
35,NM,New Mexico,2015,,,,,,,,,,,,,,,
35,NM,New Mexico,2016,,,,,,,,,,,,,,,
35,NM,New Mexico,2018,,,,,,,,,,,,,,,
35,NM,New Mexico,2019,,,,,,,,,,,,,,,
35,NM,New Mexico,2020,,,,,,,1,4,1,1,3,3,2,2,
36,NY,New York,2013,,,,,,,,,,,,,,,
36,NY,New York,2014,,,,,,,,,,,,,,,
36,NY,New York,2015,,,,,,,,,,,,,,,
36,NY,New York,2016,,,,,,,,,,,,,,,
36,NY,New York,2018,,,,,,,1,2,1,1,3,1,1,1,
36,NY,New York,2019,,,,,,,1,2,1,1,3,1,1,1,
36,NY,New York,2020,,,,,,,1,2,2,2,1,1,2,1,
37,NC,North Carolina,2013,No,No,3.0,1.0,,,,,,,,,,,
37,NC,North Carolina,2014,,,6.0,1.0,,,,,,,,,,,
37,NC,North Carolina,2015,,,6.0,10.0,,,,,,,,,,,
37,NC,North Carolina,2016,,,6.0,10.0,,,,,,,,,,,
37,NC,North Carolina,2018,,,,,,,,,,,,,,,
37,NC,North Carolina,2019,,,,,,,,,,,,,,,
37,NC,North Carolina,2020,,,,,,,3,3,4,4,3,2,4,3,2020
38,ND,North Dakota,2013,No,No,0.0,0.0,,,,,,,,,,,
38,ND,North Dakota,2014,,,,,68,1,,,,,,,,,2014
38,ND,North Dakota,2015,,,,,81,1,,,,,,,,,2014
38,ND,North Dakota,2016,,,100.0,100.0,21,1,,,,,,,,,2014
38,ND,North Dakota,2018,,,,,,,3,3,3,3,3,3,3,1,2014
38,ND,North Dakota,2019,,,,,,,3,3,3,3,3,3,3,1,2014
38,ND,North Dakota,2020,,,,,,,3,3,3,3,3,3,3,2,2014
39,OH,Ohio,2013,No,Unknown,,,,,,,,,,,,,
39,OH,Ohio,2014,,,,,,1,,,,,,,,,2014
39,OH,Ohio,2015,,,,,,,,,,,,,,,2014
39,OH,Ohio,2016,,,11.0,11.0,,,,,,,,,,,2014
39,OH,Ohio,2018,,,,,,,2,4,3,3,3,3,3,2,2014
39,OH,Ohio,2019,,,,,,,2,4,3,3,3,3,3,2,2014
39,OH,Ohio,2020,,,,,,,3,2,2,3,3,2,2,2,2014
40,OK,Oklahoma,2013,No,No,,,,,,,,,,,,,
40,OK,Oklahoma,2014,,,,,,,,,,,,,,,
40,OK,Oklahoma,2015,,,,,,,,,,,,,,,
40,OK,Oklahoma,2016,,,,,,,,,,,,,,,
40,OK,Oklahoma,2018,,,,,,,1,2,1,1,2,1,1,1,
40,OK,Oklahoma,2019,,,,,,,1,2,1,1,2,1,1,1,
40,OK,Oklahoma,2020,,,,,,,1,2,1,1,2,1,1,1,
41,OR,Oregon,2013,Yes,No,0.0,0.0,,,,,,,,,,,
41,OR,Oregon,2014,,,,,,,,,,,,,,,
41,OR,Oregon,2015,,,,,,,,,,,,,,,
41,OR,Oregon,2016,,,,,,,,,,,,,,,
41,OR,Oregon,2018,,,,,,,2,1,1,2,2,1,1,1,2018
41,OR,Oregon,2019,,,,,,,2,1,1,2,2,1,1,1,2018
41,OR,Oregon,2020,,,,,,,2,1,1,2,2,1,1,1,2018
42,PA,Pennsylvania,2013,No,No,0.0,0.0,,,,,,,,,,,
42,PA,Pennsylvania,2014,,,,,34,2,,,,,,,,,2014
42,PA,Pennsylvania,2015,,,,,,,,,,,,,,,2014
42,PA,Pennsylvania,2016,,,,,24,2,,,,,,,,,2014
42,PA,Pennsylvania,2018,,,,,,,2,2,2,2,2,1,2,2,2014
42,PA,Pennsylvania,2019,,,,,,,2,2,2,2,2,1,2,2,2014
42,PA,Pennsylvania,2020,,,,,,,3,3,3,2,2,2,3,2,2014
44,RI,Rhode Island,2013,,,,,,,,,,,,,,,
44,RI,Rhode Island,2014,,,,,,,,,,,,,,,
44,RI,Rhode Island,2015,,,,,,,,,,,,,,,
44,RI,Rhode Island,2016,,,,,,,,,,,,,,,
44,RI,Rhode Island,2018,,,,,,,4,4,4,1,3,4,4,3,2018
44,RI,Rhode Island,2019,,,,,,,4,4,4,1,3,4,4,3,2018
44,RI,Rhode Island,2020,,,,,,,1,2,1,2,2,2,2,2,2018
45,SC,South Carolina,2013,,No,3.0,8.0,,,,,,,,,,,
45,SC,South Carolina,2014,,,10.0,10.0,6,3,,,,,,,,,2014
45,SC,South Carolina,2015,,,3.0,8.0,,2,,,,,,,,,2014
45,SC,South Carolina,2016,,,,,,,,,,,,,,,2014
45,SC,South Carolina,2018,,,,,,,1,2,1,1,1,1,1,1,2014
45,SC,South Carolina,2019,,,,,,,1,2,1,1,1,1,1,1,2014
45,SC,South Carolina,2020,,,,,,,3,3,3,3,3,2,3,3,2014
46,SD,South Dakota,2013,,No,0.0,0.0,,,,,,,,,,,
46,SD,South Dakota,2014,,,,,,,,,,,,,,,
46,SD,South Dakota,2015,,,,,,,,,,,,,,,
46,SD,South Dakota,2016,,,,,,,,,,,,,,,
46,SD,South Dakota,2018,,,,,,,1,3,3,1,1,1,2,1,
46,SD,South Dakota,2019,,,,,,,1,3,3,1,1,1,2,1,
46,SD,South Dakota,2020,,,,,,,3,3,5,5,3,1,4,1,2020
47,TN,Tennessee,2013,,Yes,70.0,70.0,,,,,,,,,,,2013
47,TN,Tennessee,2014,,,100.0,100.0,75,1,,,,,,,,,2013
47,TN,Tennessee,2015,,,100.0,100.0,100,1,,,,,,,,,2013
47,TN,Tennessee,2016,,,70.0,70.0,,,,,,,,,,,2013
47,TN,Tennessee,2018,,,,,,,5,5,5,4,3,,5,3,2013
47,TN,Tennessee,2019,,,,,,,5,5,5,4,3,,5,3,2013
47,TN,Tennessee,2020,,,,,,,,,,,,,,,2013
48,TX,Texas,2013,,Yes,,0.0,,,,,,,,,,,2013
48,TX,Texas,2014,,,2.0,0.01,64,1,,,,,,,,,2013
48,TX,Texas,2015,,,,,,,,,,,,,,,2013
48,TX,Texas,2016,,,,2.0,303,40,,,,,,,,,2013
48,TX,Texas,2018,,,,,,,1,1,1,1,1,1,1,1,2013
48,TX,Texas,2019,,,,,,,1,1,1,1,1,1,1,1,2013
48,TX,Texas,2020,,,,,,,,,,,,,,,2013
49,UT,Utah,2013,,Yes,80.0,15.0,,,,,,,,,,,2013
49,UT,Utah,2014,,,80.0,15.0,80,4,,,,,,,,,2013
49,UT,Utah,2015,,,80.0,15.0,25,4,,,,,,,,,2013
49,UT,Utah,2016,,,80.0,15.0,12,12,,,,,,,,,2013
49,UT,Utah,2018,,,,,,,3,2,3,2,2,1,2,1,2013
49,UT,Utah,2019,,,,,,,3,2,3,2,2,1,2,1,2013
49,UT,Utah,2020,,,,,,,4,4,4,4,4,4,4,3,2013
50,VT,Vermont,2013,No,Yes,100.0,100.0,,,,,,,,,,,2013
50,VT,Vermont,2014,,,,,,,,,,,,,,,2013
50,VT,Vermont,2015,,,100.0,100.0,100,1,,,,,,,,,2013
50,VT,Vermont,2016,,,100.0,100.0,6,1,,,,,,,,,2013
50,VT,Vermont,2018,,,,,,,3,5,5,3,3,5,5,3,2013
50,VT,Vermont,2019,,,,,,,3,5,5,3,3,5,5,3,2013
50,VT,Vermont,2020,,,,,,,4,5,5,5,3,5,5,5,2013
51,VA,Virginia,2013,,No,1.73,5.45,,,,,,,,,,,
51,VA,Virginia,2014,,,1.73,5.45,,,,,,,,,,,
51,VA,Virginia,2015,,,13.0,9.0,6,7,,,,,,,,,2015
51,VA,Virginia,2016,,,1.0,6.7,,,,,,,,,,,2015
51,VA,Virginia,2018,,,,,,,1,2,1,1,3,1,3,1,2015
51,VA,Virginia,2019,,,,,,,1,2,1,1,3,1,3,1,2015
51,VA,Virginia,2020,,,,,,,3,3,2,3,3,1,3,2,2015
53,WA,Washington,2013,Yes,Yes,0.0,0.0,,,,,,,,,,,2013
53,WA,Washington,2014,,,60.0,44.3,100,1,,,,,,,,,2013
53,WA,Washington,2015,,,100.0,98.0,70,2,,,,,,,,,2013
53,WA,Washington,2016,,,95.0,91.0,54,2,,,,,,,,,2013
53,WA,Washington,2018,,,,,,,3,4,3,3,3,4,4,4,2013
53,WA,Washington,2019,,,,,,,3,4,3,3,3,4,4,4,2013
53,WA,Washington,2020,,,,,,,3,3,4,3,4,4,4,3,2013
54,WV,West Virginia,2013,,,,,,,,,,,,,,,
54,WV,West Virginia,2014,,,,,,,,,,,,,,,
54,WV,West Virginia,2015,,,,,,,,,,,,,,,
54,WV,West Virginia,2016,,,,,,,,,,,,,,,
54,WV,West Virginia,2018,,,,,,,,,,,,,,,
54,WV,West Virginia,2019,,,,,,,,,,,,,,,
54,WV,West Virginia,2020,,,,,,,,,,,,,,,
55,WI,Wisconsin,2013,No,No,,,,,,,,,,,,,
55,WI,Wisconsin,2014,,,,,,,,,,,,,,,
55,WI,Wisconsin,2015,,,,,,,,,,,,,,,
55,WI,Wisconsin,2016,,,,,,,,,,,,,,,
55,WI,Wisconsin,2018,,,,,,,2,1,1,1,2,1,1,1,2018
55,WI,Wisconsin,2019,,,,,,,2,1,1,1,2,1,1,1,2018
55,WI,Wisconsin,2020,,,,,,,2,2,2,2,2,1,2,2,2018
56,WY,Wyoming,2013,,,,,,,,,,,,,,,
56,WY,Wyoming,2014,,,,,,,,,,,,,,,
56,WY,Wyoming,2015,,,,,,,,,,,,,,,
56,WY,Wyoming,2016,,,,,,,,,,,,,,,
56,WY,Wyoming,2018,,,,,,,,,,,,,,,
56,WY,Wyoming,2019,,,,,,,,,,,,,,,
56,WY,Wyoming,2020,,,,,,,2,2,2,1,2,1,2,2,2020
60,,American Samoa,2013,,,,,,,,,,,,,,,
60,,American Samoa,2014,,,,,,,,,,,,,,,
60,,American Samoa,2015,,,,,,,,,,,,,,,
60,,American Samoa,2016,,,,,,,,,,,,,,,
60,,American Samoa,2018,,,,,,,1,1,1,1,1,1,1,1,
60,,American Samoa,2019,,,,,,,1,1,1,1,1,1,1,1,
60,,American Samoa,2020,,,,,,,,,,,,,,,
66,,Guam,2013,,,,,,,,,,,,,,,
66,,Guam,2014,,,,,,,,,,,,,,,
66,,Guam,2015,,,,,,,,,,,,,,,
66,,Guam,2016,,,,,,,,,,,,,,,
66,,Guam,2018,,,,,,,,,,,,,,,
66,,Guam,2019,,,,,,,,,,,,,,,
66,,Guam,2020,,,,,,,,,,,,,,,
69,,Northern Mariana Islands,2013,,,,,,,,,,,,,,,
69,,Northern Mariana Islands,2014,,,,,,,,,,,,,,,
69,,Northern Mariana Islands,2015,,,,,,,,,,,,,,,
69,,Northern Mariana Islands,2016,,,,,,,,,,,,,,,
69,,Northern Mariana Islands,2018,,,,,,,,,,,,,,,
69,,Northern Mariana Islands,2019,,,,,,,,,,,,,,,
69,,Northern Mariana Islands,2020,,,,,,,,,,,,,,,
72,,Puerto Rico,2013,,,,,,,,,,,,,,,
72,,Puerto Rico,2014,,,,,,,,,,,,,,,
72,,Puerto Rico,2015,,,,,,,,,,,,,,,
72,,Puerto Rico,2016,,,,,,,,,,,,,,,
72,,Puerto Rico,2018,,,,,,,,,,,,,,,
72,,Puerto Rico,2019,,,,,,,,,,,,,,,
72,,Puerto Rico,2020,,,,,,,1,1,1,1,2,1,5,3,
78,,Virgin Islands (US),2013,,,,,,,,,,,,,,,
78,,Virgin Islands (US),2014,,,,,,,,,,,,,,,
78,,Virgin Islands (US),2015,,,,,,,,,,,,,,,
78,,Virgin Islands (US),2016,,,,,,,,,,,,,,,
78,,Virgin Islands (US),2018,,,,,,,,,,,,,,,
78,,Virgin Islands (US),2019,,,,,,,,,,,,,,,
78,,Virgin Islands (US),2020,,,,,,,,,,,,,,,
